Text,Text1,Text2,Text3,Text4
Guillermo Lasso,1 h,"Los gobernadores del Ecuador. 🇪🇨

Comprometidos con el encuentro, el bienestar y la prosperidad en todas las provincias.",297,518vecescompartido
Guillermo Lasso,4 h,"El retorno a clases voluntario y gradual para 1.301 instituciones educativas empieza el 7 de junio. 🇪🇨

Los niños, las niñas, los jóvenes y los maestros volverán a reencontrarse en un entorno seguro.

El compromiso es de todos, porque solo #JuntosLoLogramos.",484,337vecescompartido
,6 h,"El retorno a clases presenciales es VOLUNTARIO. Por resolución del COE Nacional, será un proceso paulatino en las 1.301 instituciones educativas aprobadas. Estamos comprometidos con su seguridad y bienestar.

🇪🇨🤝

#JuntosLoLogramos",491,339vecescompartido
,20 h,"El Plan Nacional de Desarrollo Educativo asegura un retorno paulatino y voluntario a clases presenciales. Nuestro objetivo es que niños, niñas, jóvenes y maestros se reencuentren en un sistema de educación seguro, moderno e innovador. 🇪🇨

#GobiernoDelEncuentro
#JuntosLoLogramos","2,3mil","2,2milvecescompartido"
,22 h,"Nuestra prioridad: un país seguro que busque el bienestar de todos. Hoy se realizó la primera sesión del COE Nacional con autoridades de Gobierno, donde establecimos una hoja de ruta para la reactivación del país y cuidar la salud de los ecuatorianos. 🇪🇨

#JuntosLoLogramos",304,457vecescompartido
,Ayer a las 15:09,"Una economía que funcione para todos, especialmente para los más pobres.

#JuntosLoLogramos",441,1milvecescompartido
,Ayer a las 14:20,"Las escuelas y colegios son lugares de encuentro por excelencia. Con nuestro Plan de Educación, los niños, las niñas, los jóvenes y los maestros podrán reencontrarse y retomar sus procesos educativos. #JuntosLoLogramos con la ministra María Brown y el compromiso de todas las familias. 🇪🇨","1,1mil",825vecescompartido
,Ayer a las 10:38,El Presidente Guillermo Lasso presenta el Plan Retorno Gradual a clases presenciales en instituciones educativas junto a la Ministra María Brown. 🇪🇨🤝,,
,Ayer a las 10:28,,345,
,Ayer a las 08:56,"¡Volvimos! 🇪🇨

Qué alegría visitar de nuevo el Mercado Iñaquito y compartir con pequeños comerciantes y vendedores, personas trabajadoras que son el corazón de nuestro país. Gracias por todo su apoyo y cariño. 💪🏼

#JuntosLoLogramos",629,792vecescompartido
,1 de junio a las 18:53,"Estamos comprometidos con el #PlanVacunación9100. Juntos cuidamos de la salud de la gente y trabajamos por la reactivación del Ecuador. 🇪🇨

#JuntosLoLogramos",663,1milvecescompartido
,1 de junio a las 17:22,"¡El #PlanVacunación9100 avanza!

Recibimos 107.640 dosis más de vacunas para cumplir nuestra meta: 9millones de personas en 100 días. Este es un trabajo de cooperación y corresponsabilidad. #JuntosLoLogramos por tu familia y todos tus seres queridos. 🇪🇨

https://www.salud.gob.ec/gobierno-nacional-recibio-107-640…/",107,122vecescompartido
,1 de junio a las 14:55,"Los niños y las niñas del Ecuador son el presente, el futuro y la razón de nuestro trabajo diario.

En este #DíaDelNiño, tuve un maravilloso encuentro con niños y niñas de Chimborazo. Llenos de sueños y esperanza, compartieron sus deseos para el país: BIENESTAR Y PROSPERIDAD.

En mí siempre tendrán un punto de apoyo.",368,712vecescompartido
,1 de junio a las 13:53,"Ante la Gran Nación Puruhá, reafirmamos nuestro compromiso de: ◦ Construir caminos vecinales  ◦ Salud y educación de calidad ◦ Impulsar los sectores productivos... ◦ Rehabilitar escuelas rurales  ◦ Crear empleos para todos ¡Su bienestar es la prioridad!  #JuntosLoLogramos Ver más",199,482vecescompartido
,1 de junio a las 12:44,"Con humildad, recibo el Bastón de Mando de los pueblos y comunidades de la Gran Nación Puruhá. Les agradezco por sus buenos deseos y oraciones, han llegado a mi corazón.

Trabajaremos con sabiduría para beneficiar siempre al pueblo ecuatoriano.

#JuntosLoLogramos",323,645vecescompartido
,1 de junio a las 11:27,"Gracias a la Gran Nación Puruhá, a los pueblos y a las comunidades que nos dieron la bienvenida en Colta.

Este es un encuentro lleno de esperanza por el futuro. Es un honor tener la oportunidad de servirles y trabajar junto a ustedes.

¡#JuntosLoLogramos por el 🇪🇨!",116,402vecescompartido
,1 de junio a las 10:58,,,
,1 de junio a las 08:54,,114,
,31 de mayo a las 18:11,"Estamos comprometidos con tu salud, la de tu familia y todos sus seres queridos.

En lugarvacunacion.cne.gob.ec podrás consultar tu lugar de vacunación. El #PlanVacunación9100 busca el exclusivo bien de la gente. 🇪🇨

¡#JuntosLoLogramos!",397,691vecescompartido
,31 de mayo a las 17:19,"Esta mañana participamos en el Cambio de Mando de autoridades de la Casamilitar Presidencial. Agradezco el compromiso y profesionalismo de los nuevos miembros.

#GobiernoDelEncuentro",268,430vecescompartido
,31 de mayo a las 16:46,"¡Rumiñahui hoy celebra 83 años de cantonización! 🇪🇨

Un fraterno saludo de mi parte y felicitaciones a su maravillosa gente, que hace de Rumiñahui un cantón de gente trabajadora, amable y valiente. Juntos lograremos su reactivación y prosperidad. 💪🏼",83,134vecescompartido
,31 de mayo a las 14:07,"Primeros pasos del #PlanVacunación9100. Es un gusto compartir con ustedes este momento. Sigamos encontrándonos por la salud y trabajando en conjunto por el bien del país.

#JuntosLoLogramos 🇪🇨",519,836vecescompartido
,31 de mayo a las 12:59,"El #PlanVacunación9100 es  SALUD BIENESTAR REACTIVACIÓN ... PROSPERIDAD Con una gestión transparente y eficiente, cumpliremos nuestra meta. 🇪🇨 #JuntosLoLogramos Ver más",220,371vecescompartido
,31 de mayo a las 12:09,¡Sé parte del #PlanVacunación9100! ✔️ Acudamos de forma ordenada y respetando protocolos ✔️ Compartamos información oficial ✔️ Motivemos a nuestros seres queridos para que se vacunen... Los invito a consultar su lugar de vacunación en lugarvacunacion.cne.gob.ec. #JuntosLoLogramos 🇪🇨 Ver más,107,521vecescompartido
,31 de mayo a las 11:13,"El #PlanVacunación9100 tiene el compromiso de salvar vidas, cuidar de la salud y reactivar al 🇪🇨.

Nos compete a todos este objetivo: vacunar a 9millones de personas en 100 días. 🤝

Trabajando en conjunto para el exclusivo bien de la gente, #JuntosLoLogramos.",176,350vecescompartido
,31 de mayo a las 10:43,El Presidente Guillermo Lasso presentará el Plan de Vacunación junto a la ministra de Salud Ximena Garzón y el Vicepresidente Alfredo Borrero. 🇪🇨🤝,,
,31 de mayo a las 10:16,,157,
,31 de mayo a las 09:39,"“No hay palabras más sinceras, que las expresadas por los niños”. ❤️🇪🇨

Agradezco a la Unidad Educativa “Horizontes” en Ambato por estas emotivas cartas. Cuenten conmigo siempre.",314,759vecescompartido
,31 de mayo a las 08:47,"A las 12h30 presentaremos el #PlanVacunación9100, plan que nos invita a encontrarnos por la salud y la reactivación del Ecuador. ¡Acompáñennos en este encuentro! 🇪🇨 FB: https://www.facebook.com/ComunicacionEcuador/videos/216316453454014/... YT: https://youtu.be/sGjgeg5Cl-k #JuntosLoLogramos Ver más",137,366vecescompartido
,29 de mayo a las 12:24,"Gran visita a Guayaquil. Muy agradecido por su apoyo y bienvenida. En la Gobernación me encontré con Carmita, con quien trabajé cuando fui Gobernador. Fue un gusto volver a verla y también compartir con todos ustedes.",473,658vecescompartido
,28 de mayo a las 16:58,"¡Una buena noticia! El Embajador de la República Popular China me informó que hasta el 29 de mayo nos llegarían 700.000 dosis de vacunas. 500.000 adquiridas por Ecuador y 200.000 donadas por China, como motivo de nuestra investidura. 🇪🇨🇨🇳 #GobiernoDelEncuentro... #JuntosLoLogramos Ver más",1mil,"1,4milvecescompartido"
,28 de mayo a las 15:23,"¡Primera visita a Guayas! Nos reunimos en la Gobernación con Vicente Taiano, donde establecimos las siguientes prioridades: ✔️Trabajo articulado para el desarrollo provincial ✔️ Seguridad ciudadana  ✔️ Atender todas las necesidades de los guayasenses ... #GobiernoDelEncuentro Ver más",397,540vecescompartido
,28 de mayo a las 11:08,"En la reunión con el presidente del BID, Mauricio Claver-Carone, establecimos una línea clara de prioridades para el desarrollo:  ◦ La erradicación de la desnutrición infantil ◦ Empleo para jóvenes  ◦ Apoyo a las zonas rurales... Gracias por la visita al Ecuador. 🇪🇨 Ver más",232,467vecescompartido
,27 de mayo a las 17:14,"Agradezco a Mauricio Claver-Carone, presidente del BID y a Kristalina Georgieva, del FMI, con quienes mantuvimos reuniones productivas, claves para planes de cooperación que llevaremos a cabo en el #GobiernoDelEncuentro.

¡Sacaremos adelante al Ecuador! 🇪🇨

#JuntosLoLogramos",713,881vecescompartido
,27 de mayo a las 10:43,"El #PlanVacunación9100 busca cuidar de la salud de los ecuatorianos y reactivar al país. Hoy nos reunimos con el vicepresidente Alfredo Borrero, la ministra de Salud Ximena Garzón, el consejero Carlos Cueva y autoridades para establecer lineamientos de logística y ejecución.

#JuntosLoLogramos",520,794vecescompartido
,26 de mayo a las 17:14,"Iniciamos una nueva etapa de trabajo. Traje los lápices que siempre me acompañan, ahora desde el Palacio de Carondelet.","2,7mil","1,8milvecescompartido"
,26 de mayo a las 13:22,"Agradezco a los pueblos y comunidades de Tungurahua, de quienes recibo con humildad el Bastón de Mando, que representa nuestro deseo de avanzar juntos hacia un Ecuador de oportunidades. 🇪🇨

Cuenten con nosotros siempre en el #GobiernoDelEncuentro.

#JuntosLoLogramos",581,"1,2milvecescompartido"
,26 de mayo a las 09:57,Únete a la Ceremonia Ancestral de Entrega de Bastón de Mando este miércoles 26 de mayo a las 11:30 AM desde Ambato. #JuntosLoLogramos 🤜🤛🇪🇨,,
,26 de mayo a las 08:20,"FAMILIA.

#JuntosLoLogramos","2,4mil","1,3milvecescompartido"
,26 de mayo a las 08:06,,139,
,26 de mayo a las 07:11,Nuestro proyecto de Ley Orgánica de Libre Expresión y Comunicación garantiza un ECUADOR LIBRE. Estamos comprometidos con el derecho a la libertad de todos los ecuatorianos. 🇪🇨 #GobiernoDelEncuentro... #JuntosLoLogramos Ver más,186,1milvecescompartido
,25 de mayo a las 21:43,"Hoy envié a la Asamblea Nacional el proyecto de Ley Orgánica de Libre Expresión y Comunicación. Estamos comprometidos con un ECUADOR LIBRE, donde el derecho a la libertad de expresión esté plenamente garantizado. 🇪🇨

#GobiernoDelEncuentro
#JuntosLoLogramos",822,"1,2milvecescompartido"
,25 de mayo a las 15:32,En el primer día con Lulita.,"2,4mil","1,2milvecescompartido"
,25 de mayo a las 13:06,"Hoy tuve la oportunidad de dialogar con Leopoldo Lopez y Lilian Tintori, grandes líderes venezolanos comprometidos con la libertad y la democracia en la región. Agradezco su visita, Ecuador siempre tendrá sus puertas abiertas.

#GobiernoDelEncuentro
#JuntosLoLogramos",574,848vecescompartido
,25 de mayo a las 09:31,"Fue un honor recibir a representantes de la Embajada de Estados Unidos en Ecuador y Linda Thomas-Greenfield, quien lidera la comitiva de EEUU. Estamos comprometidos con fortalecer las relaciones entre nuestros países. La cooperación es el camino para lograr bienestar en el país.

#GobiernoDelEncuentro
#JuntosLoLogramos",342,510vecescompartido
,25 de mayo a las 08:37,,"1,7mil",729vecescompartido
,24 de mayo a las 20:14,"Esta noche mantuvimos la primera reunión del Consejo de Seguridad, donde se estableció la importancia de la cooperación integral para garantizar un Ecuador seguro.

Hice un compromiso y hoy comienzo a cumplirlo: trabajar por la seguridad de los ciudadanos. 🇪🇨

#JuntosLoLogramos",1mil,"1,6milvecescompartido"
,24 de mayo a las 19:32,El Decreto que elimina los registros de crédito con deudas vencidas menores a $1.000 es clave para la reactivación económica de las familias ecuatorianas. Reiteramos nuestro compromiso de una gestión responsable y solidaria. #GobiernoDelEncuentro... #JuntosLoLogramos Ver más,"1,3mil","4,1milvecescompartido"
,24 de mayo a las 18:03,"El #GobiernoDelEncuentro, a su servicio. 🇪🇨

#JuntosLoLogramos","1,1mil","1,6milvecescompartido"
,24 de mayo a las 17:20,"A trabajar por todos los ecuatorianos.

#GobiernoDelEncuentro
#JuntosLoLogramos",787,872vecescompartido
,24 de mayo a las 16:19,"Decretamos la eliminación de los registros de crédito con deudas vencidas menores a $1.000.  Reincorporamos a la vida productiva a 1.7millones de ecuatorianos. Es un acto de estricta justicia, que busca la reactivación económica. 👏🏼🇪🇨 #GobiernoDelEncuentro ... #JuntosLoLogramos Ver más","1,5mil","2,7milvecescompartido"
,24 de mayo a las 15:00,,,
,24 de mayo a las 12:57,"Mi compañera, mi punto de apoyo, la Primera Dama del Ecuador.

#JuntosLoLogramos","4,6mil","5,1milvecescompartido"
,24 de mayo a las 12:47,,396,
,24 de mayo a las 12:25,"Invoco las palabras del presidente Jaime Roldós, en el pretil del Palacio de Carondelet, ante los ecuatorianos.  ¡Mi poder en la Constitución, y mi corazón en el pueblo ecuatoriano! 🇪🇨 #GobiernoDelEncuentro... #JuntosLoLogramos Ver más",889,"1,9milvecescompartido"
,24 de mayo a las 12:14,"Tengo el corazón lleno de gratitud, cariño y compromiso. El Palacio de Carondelet siempre tendrá sus puertas abiertas para todos los ecuatorianos. Lograremos el Ecuador que ustedes aspiran: un país con oportunidades y bienestar. 🇪🇨 #GobiernoDelEncuentro... #JuntosLoLogramos Ver más",1mil,"1,5milvecescompartido"
,24 de mayo a las 10:46,"Gracias. 🇪🇨

#GobiernoDelEncuentro
#JuntosLoLogramos","1,4mil","1,5milvecescompartido"
,24 de mayo a las 09:54,"Aspiro a que mis acciones hablen tan elocuentemente como las palabras del presidente Roldós. Que mis decisiones reflejen sus pensamientos, que mi conciencia responda a sus ideales, y que así despierte en los jóvenes el mismo fervor cívico que en mí brotó hace 40 años.","1,4mil","1,3milvecescompartido"
,24 de mayo a las 09:36,"Hago un llamado a la UNIDAD NACIONAL, que debe ser atendido cívicamente porque nuestra lealtad es, ante todo, con el país. 🇪🇨

La democracia no es la ausencia de diferencias, es la búsqueda del tratamiento pacífico. Así debe ser el Ecuador del Encuentro.

#JuntosLoLogramos",1mil,"2,5milvecescompartido"
,24 de mayo a las 09:30,"El principio es “no dejar a nadie atrás”, lo que pone a la inclusión de los ciudadanos como la prioridad en la gestión del #GobiernoDelEncuentro.

#JuntosLoLogramos 🇪🇨",156,351vecescompartido
,24 de mayo a las 09:20,"Las causas del #GobiernoDelEncuentro serán las causas de la gente. Que la voluntad del Gobierno, será la voluntad del pueblo, movido por los mismos objetivos y las mismas esperanzas.

Nuestra intención es maximizar la capacidad para servir al Ecuador.

#JuntosLoLogramos 🇪🇨",160,473vecescompartido
,24 de mayo a las 09:13,"Que esta democracia que hoy recobramos sea para siempre un torrente donde la gente aglutine sus ideales, cada uno más admirable y valioso que otro. Hoy inicia el camino hacia el Ecuador del Encuentro. 🇪🇨

#GobiernoDelEncuentro
#JuntosLoLogramos",307,889vecescompartido
,24 de mayo a las 09:00,"Empieza el cambio, bienvenidos al Ecuador del Encuentro. 🇪🇨 ¡GRACIAS ECUADOR!  #GobiernoDelEncuentro... #JuntosLoLogramos Ver más","5,9mil","9,6milvecescompartido"
,24 de mayo a las 09:00,,10mil,"9,3milvecescompartido"
,24 de mayo a las 08:37,,216,334vecescompartido
,24 de mayo a las 08:33,"Agradezco a la Presidenta de la Asamblea Nacional Guadalupe Llori por recibirnos.

Ante esta institución, la Casa del Pueblo, reiteramos nuestra vocación de servicio y de representar los intereses de todos los ecuatorianos.

#JuntosLoLogramos",260,559vecescompartido
,24 de mayo a las 08:30,"Llegamos a la Asamblea Nacional. Agradecido de empezar esta nueva etapa junto a ustedes. HICIMOS HISTORIA.  Logramos escucharnos unos a otros, encontrarnos y trabajar en equipo, y seguiremos haciéndolo. Ese es mi compromiso en el Ecuador del encuentro. 🇪🇨... #JuntosLoLogramos Ver más","1,2mil","1,3milvecescompartido"
,24 de mayo a las 07:30,,,
,24 de mayo a las 07:08,"GRATITUD.

#JuntosLoLogramos","2,6mil",3milvecescompartido
,24 de mayo a las 06:48,"Este #24deMayo celebramos con orgullo el inicio de una nueva historia, así como hace 199 años en la #BatallaDelPichincha, donde la libertad fue la bandera de lucha.

En honor a los héroes de la Patria, trabajaremos por un mejor futuro para el Ecuador. 🇪🇨

#JuntosLoLogramos",466,468vecescompartido
,24 de mayo a las 06:16,"Esta mañana asistí al Tedeum en la Catedral Metropolitana de Quito junto a mi familia.

Se me vienen a la mente recuerdos de mis padres y de mi hermano mayor Enrique, quienes me enseñaron el valor del servicio.

Estaré siempre agradecido de tener la oportunidad de servirles.","2,1mil","2,2milvecescompartido"
,24 de mayo a las 05:10,,745,
,23 de mayo a las 21:04,"La democracia se fortalece compartiendo nuestras ideas. Agradezco la invitación al Foro Iberoamericano: Desafíos de La Libertad, espacio que nos impulsa a encontrarnos por la libertad en todo el mundo.

Empezamos una nueva historia, una que incluye a todos los ecuatorianos. 🇪🇨💪🏼",309,471vecescompartido
,23 de mayo a las 18:47,"Entre reuniones, preparándonos para mañana.","3,3mil","1,5milvecescompartido"
,23 de mayo a las 18:14,Fue un honor recibir al Rey Felipe VI de España. Encuentros como este son fundamentales para fortalecer la relación entre nuestros países. Nuestro objetivo es brindar oportunidades de bienestar y prosperidad para todos. 🇪🇨🤝🇪🇸,691,"1,4milvecescompartido"
,23 de mayo a las 16:01,"Hoy mantuve una reunión con el Presidente de Haití Jovenel Moïse, quien asistirá mañana a la ceremonia de cambio de mando. Una reunión bilateral productiva, que fortalecerá la relación entre nuestros países para lograr bienestar. 🇪🇨🤝🇭🇹",616,638vecescompartido
,22 de mayo a las 17:07,"Con dos buenos amigos, los ex presidentes Pastrana y Aznar.",515,460vecescompartido
,22 de mayo a las 11:11,"Recibiendo la carta de felicitación de la Reina Isabel II del Reino Unido, de manos del Embajador Chris Campbell. Agradezco este noble gesto y reitero mi compromiso de fortalecer los lazos de amistad. 🇪🇨🤝🇬🇧",759,851vecescompartido
,21 de mayo a las 14:17,"El Ministerio de Gobierno estará a cargo de César Monge, una persona admirable y compañero de lucha incondicional. Trabajaremos incansablemente por construir un país de paz, donde todos los ecuatorianos puedan crecer seguros y con oportunidades. 🇪🇨","1,3mil",1milvecescompartido
,20 de mayo a las 16:19,"El Gobierno del encuentro. 🇪🇨 Hemos escogido a ministros y ministras capaces de encontrarse con distintos sectores de la sociedad para dialogar y trabajar por ese Ecuador de oportunidades y abierto al mundo que tanto soñamos. Con la gente, construimos un mejor país. 💪🏼... ¡4 días para el 24 de Mayo! Ver más",883,529vecescompartido
,20 de mayo a las 15:09,"Es un honor contar con Patricio Donoso para el Ministerio de Trabajo, quien lleva años en el servicio público defendiendo el bienestar de los ecuatorianos. Garantizaremos los derechos laborales y empleos de calidad.

¡Encontrémonos para lograr trabajos dignos en Ecuador! 🇪🇨",741,487vecescompartido
,20 de mayo a las 13:38,"Como Asambleísta, Tanlly Vera ha trabajado por el bienestar de agricultores y ganaderos. Desde hoy continúa su lucha por el sector como Ministra. Se dedicará a la reactivación, la revalorización y el acceso a mercados internacionales.

¡El compromiso con el cambio es firme! 🇪🇨",590,619vecescompartido
,20 de mayo a las 13:04,"El camino para el crecimiento es atraer inversión que genere oportunidades de bienestar. Julio José Prado será el Ministro de Producción, Comercio Exterior y Pesca. Confío en que impulsará el desarrollo nacional con innovación y apertura al mundo.

#ElEcuadorDelEncuentro 🇪🇨",283,286vecescompartido
,20 de mayo a las 12:34,"En el Gobierno del encuentro, Marcelo Cabrera se unirá como Ministro de Transporte y Obras Públicas. Tendrá a su cargo una importante cartera de Estado para promover oportunidades de crecimiento y modernización. Impulsaremos la reactivación y obras de desarrollo. 🇪🇨",741,475vecescompartido
,20 de mayo a las 11:48,"Roberto Salas liderará el Ministerio de Energía y Recursos Naturales No Renovables. 🇪🇨

Trabajaremos en proyectos de reactivación productiva que sean responsables con la ciudadanía. Juntos vamos a luchar contra la corrupción y lograremos la eficiencia de esta cartera de Estado.",305,304vecescompartido
,20 de mayo a las 11:05,"¡Mauricio Montalvo es el próximo Canciller!

Pone al servicio del país una extensa carrera diplomática que ha demostrado capacidad para liderar una agenda de política exterior, garantizar derechos y brindar servicios de calidad. Bienvenido al Ecuador del Encuentro Mauricio. 🇪🇨",320,336vecescompartido
,20 de mayo a las 08:47,,,
,19 de mayo a las 20:38,,744,
,19 de mayo a las 16:32,"Como demócrata, creo en la belleza de los sueños y su poder para inspirarnos. Creo en el derecho que tenemos a un entorno donde podamos dar lo mejor de nuestros talentos.

En esta credencial vive la voluntad de un pueblo que se decidió por el cambio.

#ElEcuadorDelEncuentro 🇪🇨","2,5mil","1,6milvecescompartido"
,19 de mayo a las 12:20,"Es con profunda emoción que hoy he venido hasta aquí acompañado de mi esposa María de Lourdes, mis hijos y mi familia. Muchas gracias por estar en los momentos más difíciles. Ellos han hecho este recorrido conmigo, sosteniéndome en cada paso con su apoyo incondicional.","1,7mil","1,3milvecescompartido"
,19 de mayo a las 11:22,"El 11 de Abril, Ecuador expresó su voluntad de cambiar. Muchos vinieron con el regalo de la gobernabilidad, hablaron del 47% que no votó por nosotros. Nunca aceptaré que se use a esos ecuatorianos y sus justísimos anhelos como moneda de cambio en un trueque político.

El 47% votó por justicia económica, social y política. Por un país más equitativo y más solidario, valores y principios que compartimos.

Pero no es cierto que hayan votado por la impunidad, ni por la corrupción, ni por la intromisión en decisiones judiciales.",913,1milvecescompartido
,19 de mayo a las 10:25,"Las credenciales de Presidente de la República representan sueños, ideas y la confianza de todo un país que anhela bienestar.

Estoy aquí, dispuesto a trabajar con el mismo idealismo que ha guiado mi lucha desde la niñez.

¡ECUADOR DECIDIÓ CAMBIAR! 🇪🇨","1,3mil","1,2milvecescompartido"
,19 de mayo a las 10:06,"Hoy celebramos la exitosa culminación de un proceso electoral que se llevó a cabo de forma eficiente. Agradezco a las instituciones involucradas y a cada ecuatoriano que ejerció su derecho al voto. Como ciudadano, les digo GRACIAS de corazón por esta jornada democrática. 🇪🇨",529,628vecescompartido
,19 de mayo a las 09:06,Únete al recibimiento de credenciales organizado por el CNE este miércoles 19 de mayo a las 10h30 AM. #Encontrémonos 🤜🤛🇪🇨,,
,19 de mayo a las 06:30,Únete al recibimiento de credenciales organizado por el CNE este miércoles 19 de mayo a las 10h30 AM. #Encontrémonos 🤜🤛🇪🇨,296,294vecescompartido
,18 de mayo a las 08:58,Los ecuatorianos me dieron su confianza y no los defraudaré. #MeQuedoContigo 🇪🇨,"4,2mil","5,9milvecescompartido"
,17 de mayo a las 17:19,"¡7 días para el 24 de mayo!

Estamos listos para empezar el camino hacia un Ecuador de oportunidades. 🇪🇨","1,2mil",923vecescompartido
,17 de mayo a las 13:21,"En el Ministerio del Ambiente y Agua estará Gustavo Manrique, quien cuenta con una excelente trayectoria profesional en cuidado ambiental y prácticas sostenibles.

Tenemos el compromiso de ser responsables y proteger al ambiente y las comunidades.

#ElEcuadorDelEncuentro 🇪🇨",552,520vecescompartido
,17 de mayo a las 10:20,"En el Ministerio de Telecomunicaciones y de la Sociedad de la Información estará Vianna Maino como Ministra.

Nuestra misión es un gobierno abierto y lograr un Ecuador 100% digital. 🇪🇨

#EncontrémonosPorLaConectividad",345,363vecescompartido
,17 de mayo a las 08:21,"Niels Olsen será el Ministro de Turismo. Es un gran emprendedor dedicado a la reactivación y la prosperidad del sector.

¡Ecuador será potencia turística! 💪🏼🇪🇨

#EncontrémonosPorElTurismo",615,577vecescompartido
,17 de mayo a las 06:58,❤️,"3,9mil","1,5milvecescompartido"
,13 de mayo a las 15:13,El turismo se convertirá en motor de desarrollo. Trabajaremos en:  ✅ Promoción turística  ✅ Crear zonas francas  ✅ La reactivación económica del sector... ✅ Reducción/eliminación de impuestos ✅ Impulsar el turismo rural y comunitario #EncontrémonosPorElTurismo Ver más,"1,5mil","1,4milvecescompartido"
,13 de mayo a las 08:03,"¡Hoy Pallatanga conmemora 35 años de cantonización! 👏🏼

Felicidades a su maravillosa gente por hacer de este cantón una tierra de oportunidades. Juntos lograremos la prosperidad de Pallatanga, garantizando empleo, salud, educación, seguridad y bienestar para todos los habitantes.",331,180vecescompartido
,12 de mayo a las 13:44,"Todos los ecuatorianos anhelan una casa propia.

Junto a Darío Herrera en el Ministerio de Desarrollo Urbano y Vivienda vamos a construir hogares paramiles de familias. Garantizaremos viviendas dignas a través de una gestión eficiente y solidaria.

#EncontrémonosPorLaVivienda",446,442vecescompartido
,12 de mayo a las 09:43,"Firmaremos un acuerdo de provisión de vacunas Sputnik V con Rusia para fortalecer nuestro Plan de Vacunación.

Este es un gran encuentro por la salud y la reactivación del Ecuador.",1mil,951vecescompartido
,11 de mayo a las 15:21,"En #ElEcuadorDelEncuentro vamos a crear oportunidades para lograr la prosperidad de todas las familias ecuatorianas.

Nuestra meta es un país moderno, con libertad para emprender, atraer inversión y generar empleo. 💪🏼🇪🇨",587,407vecescompartido
,11 de mayo a las 08:59,"En 13 días empezamos el recorrido hacia un mejor Ecuador, uno con empleo, bienestar y seguridad para todos.

¡El cambio lo logramos juntos! 🇪🇨",3mil,"1,6milvecescompartido"
,10 de mayo a las 15:19,"Desde el Ministerio de Salud Pública, Ximena Garzón trabajará por vacunar a los ecuatorianos y fortalecer la atención en hospitales y centros de salud a nivel nacional.

El sistema de salud en Ecuador será eficiente y transparente. 🇪🇨

#EncontrémonosPorLaSalud",310,298vecescompartido
,10 de mayo a las 08:57,"Los ministros del Frente Social tienen como objetivo mejorar la calidad de vida de los ecuatorianos bajo una visión de bienestar y solidaridad.

En el Ecuador del encuentro, dialogamos y trabajamos por el cambio. 💪🏼🇪🇨",644,374vecescompartido
,9 de mayo a las 09:34,"Hoy recuerdo con mucho cariño a mi mamá Nora Mendoza. Estoy agradecido por todas sus enseñanzas y el amor incondicional. Asimismo, celebro a María de Lourdes, la luz y guía de nuestras vidas, a mi hija Luli, a mis nueras y a todas las madres de mi familia.

#DíaDeLaMadre","1,1mil",657vecescompartido
,9 de mayo a las 06:18,"Las madres son valientes, decididas y luchadoras. Ellas salen adelante con mucho esfuerzo y trabajo. Su fortaleza es motivo de celebración y conmemoración. Cuenten con nosotros siempre, estamos comprometidos con crear oportunidades y asegurar su bienestar.

¡Feliz #DíaDeLaMadre!",380,624vecescompartido
,8 de mayo a las 14:25,"Junto a Bernarda Ordóñez enfocaremos los esfuerzos en la lucha contra la violencia y la ejecución de políticas públicas de bienestar.

La Secretaría de DDHH tendrá sus puertas abiertas para dialogar y construir juntos un mejor país. 💪🏼🇪🇨

#EncontrémonosPorLosDerechosHumanos",142,192vecescompartido
,8 de mayo a las 09:01,"Es un orgullo para nosotros ver a nuestros hijos convertirse en grandes profesionales. María Mercedes, la menor, hoy se graduó de la universidad.

Mis 5 hijos ya están graduados, siento una inmensa felicidad verlos crecer cada día y cumplir sus metas.",10mil,"1,3milvecescompartido"
,8 de mayo a las 07:05,❤️🇪🇨,830,262vecescompartido
,7 de mayo a las 15:34,"Todavía no llega el 24 de Mayo, pero ya estamos trabajando por el futuro del #Ecuador 🤜🤛🇪🇨

https://vm.tiktok.com/ZMeqvDn74/",801,969vecescompartido
,7 de mayo a las 12:41,"Con Alejandro Ribadeneira, compartimos una profunda vocación por mejorar el acceso a la educación superior.  Nuestra prioridad: libertad para estudiar, universidades autónomas y una educación superior de calidad. 💪🏼🇪🇨   #EncontrémonosPorLaEducación",163,278vecescompartido
,7 de mayo a las 08:04,"El Almirante Fernando Donoso liderará el Ministerio de Defensa Nacional, la cartera de Estado encargada de dirigir y administrar las Fuerzas Armadas.

#EncontrémonosPorLaSeguridad",774,609vecescompartido
,6 de mayo a las 16:04,24 de Mayo. 🕕🇪🇨😎,"1,4mil",764vecescompartido
,6 de mayo a las 10:24,"La educación crea oportunidades, brinda bienestar y seguridad. 💪🏼🇪🇨

Nuestra meta con María Brown para el Ministerio de Educación es modernizar el sistema educativo y trabajar por la prosperidad de todos los estudiantes y docentes.

#EncontrémonosPorLaEducación","1,5mil",449vecescompartido
,5 de mayo a las 18:41,"El Ministerio de Economía y Finanzas estará a cargo de Simón Cueva, un gran profesional comprometido con el futuro del Ecuador.

#ElEcuadorDelEncuentro",746,540vecescompartido
,5 de mayo a las 12:29,Faltan 19 días para juntos empezar el cambio. 🇪🇨,3mil,"1,1milvecescompartido"
,5 de mayo a las 09:33,"El deporte es vida, salud y bienestar.

Sebastián Palacios acompañará a los deportistas desde el Ministerio del Deporte para que cumplan con sus metas y objetivos. El talento deportivo en Ecuador tiene un gran potencial y recibirá todo nuestro apoyo.

#EncontrémonosPorElDeporte",247,207vecescompartido
,4 de mayo a las 10:05,"La protección social, la inclusión económica y la lucha contra el hambre y la desnutrición infantil son ejes centrales en los planes, programas y proyectos para el MIES.

Junto a Mae Montaño, mejoraremos las condiciones de vida en Ecuador. 🇪🇨

#EncontrémonosPorLaInclusión",749,797vecescompartido
,3 de mayo a las 16:38,"Somos un país creativo con gran riqueza artística y cultural. 🇪🇨

Desde el Ministerio de Cultura y Patrimonio, con María Elena Machuca daremos apoyo para crear oportunidades de bienestar y que el talento de cada ecuatoriano sea debidamente recompensado.

#EncontrémonosPorLaCultura",225,268vecescompartido
,3 de mayo,Con María Elena Machuca en el Ministerio de Cultura y Patrimonio nos enfocaremos en: ↪️ Crear el Sistema Nacional de Impulso Creativo  ↪️ La promoción y mejora de incentivos tributarios   ↪️ Apoyo integral para la reactivación de la economía naranja... #EncontrémonosPorLaCultura Ver más,177,212vecescompartido
,3 de mayo,"Iniciando la semana con unos maravillosos recuerdos junto a mi familia durante la segunda vuelta. 🇪🇨

¡Seguimos trabajando por el Ecuador del encuentro!",399,253vecescompartido
,3 de mayo,En el Día Mundial de la #LibertadDePrensa saludo a todos los periodistas ecuatorianos por su magnífica labor y servicio a la verdad. Hoy también recordamos a quienes perdieron la vida ejerciendo su profesión. Que en paz descansen.,247,284vecescompartido
,2 de mayo,"Es imprescindible realizar un trabajo coordinado con las Alcaldías para llevar a cabo el proceso de vacunación, planes de seguridad ciudadana y proyectos de agua potable y alcantarillado en todo el Ecuador.

¡Juntos podemos lograrlo! 💪🏼🇪🇨",239,389vecescompartido
,2 de mayo,"Les comparto un recuerdo de nuestra última entrevista con El Universo, espero que la disfruten. Saludos y un feliz domingo para todos. 🇪🇨",674,341vecescompartido
,2 de mayo,"Con gran responsabilidad y sentido social, llevaremos a cabo nuestro Plan de Gobierno y caminaremos juntos hacia el Ecuador del encuentro. 🇪🇨",303,418vecescompartido
,2 de mayo,"Siempre estaré agradecido con mis padres, por su amor y cariño, por enseñarme el valor del trabajo y la perseverancia.",433,928vecescompartido
,1 de mayo,"“El Ecuador del encuentro empieza por un gran proceso de reconciliación nacional” - Bernarda Ordóñez.

En la Secretaría de Derechos Humanos y en todas las carteras de Estado tenemos el compromiso de tender puentes de diálogo para juntos salir adelante. 🇪🇨",224,248vecescompartido
,1 de mayo,"Trabajaremos desde la Secretaría de Derechos Humanos, que será dirigida por Bernarda Ordóñez, para: ✔️ Luchar contra la violencia hacia las niñas y mujeres ✔️ Aplicar políticas públicas que impulsen economía violeta ✔️ Fortalecer la educación, salud y justicia ... ✔️ La plena vigencia de todos los DDHH Ver más",169,245vecescompartido
,1 de mayo,"Las luchas de los trabajadores deben ser reconocidas y sus esfuerzos debidamente recompensados. La meta es empleos dignos, bien pagados y con seguridad social. Este #1deMayo ratificamos el compromiso de garantizar los derechos laborales y crear oportunidades.

#DíaDelTrabajador","1,1mil",827vecescompartido
,30 de abril,"La revalorización de los docentes será una prioridad para el Ministerio de Educación. Ratificamos nuestro compromiso de trabajar por un sistema educativo que brinde bienestar para todos. 🇪🇨

#EncontrémonosPorLaEducación","1,7mil",548vecescompartido
,30 de abril,Vamos a transformar el sistema educativo. Trabajaremos por: ✅ Renovar la infraestructura física y tecnológica de las escuelas y colegios rurales ✅ Apoyo y revalorización de los docentes ✅ Impulsar una educación moderna y como derecho humano... #EncontrémonosPorLaEducación 🇪🇨 Ver más,"1,3mil",664vecescompartido
,29 de abril,"Octubre de 1981 fue la última vez que estuve con mi familia en mi primera casa en el Barrio Orellana de Guayaquil, donde nací y crecí junto a mis padres y hermanos. Siempre estaré agradecido por todos los aprendizajes, el amor y cariño que recibí en este hogar.",785,422vecescompartido
,29 de abril,"Hoy regresé a la casa donde viví mi niñez. Un lugar lleno de recuerdos y nostalgia. 👩‍👦🏠

https://vm.tiktok.com/ZMeXfF6nt/",1mil,891vecescompartido
,29 de abril,"Como ciudadanos en la función pública, debemos servir con transparencia y solidaridad. En el Ecuador del encuentro, siempre actuaremos por el bienestar de todos.

Nuestro Gobierno va a trabajar permanentemente junto a los GADs de los 221 cantones para sacar adelante al país. 🇪🇨",467,867vecescompartido
,29 de abril,"En la Secretaría del Deporte, Sebastián Palacios se encargará de crear espacios junto a la sociedad civil para el desarrollo deportivo. El apoyo integral a niños y jóvenes, atletas y paratletas, es fundamental. Trabajaremos en: ➡️ Academias deportivas en barrios populares  ➡️ Respaldo estatal a deportistas en educación superior ➡️ Promoción de ligas barriales, intercolegiales y universitarias... ➡️ Planes y programas deportivos en el nivel formativo y de alto rendimiento  ¡El deporte es factor del encuentro! 🇪🇨 #EncontrémonosPorElDeporte Ver más",431,470vecescompartido
,29 de abril,"El deporte es una herramienta de desarrollo. Desde la Secretaría del Deporte, que la transformaremos en Ministerio, vamos a impulsar el deporte como forma de vida, ecosistema y generador de referentes.

Junto a Sebastián Palacios, será una realidad. 🇪🇨

#EncontrémonosPorElDeporte",234,151vecescompartido
,28 de abril,Mi postura sobre lo resuelto por la Corte Constitucional el día de hoy.,"3,9mil","2,5milvecescompartido"
,28 de abril,"Hoy mantuve un encuentro con representantes de AME: Asociación de Municipalidades Ecuatorianas y Alcaldes del país. Con el fin de que puedan cumplir con sus labores, concretaremos las siguientes acciones: ◦ Transparencia en compromisos con GADs  ◦ Colaboración en Plan de Vacunación  ◦ Planes de seguridad ciudadana ... ◦ Proyectos de agua potable  ◦ Generación de empleo En mí tendrán, más que a un Presidente, a un servidor. ¡Trabajaremos juntos para sacar adelante al Ecuador! 💪🏼🇪🇨 Ver más",499,631vecescompartido
,28 de abril,,60,243vecescompartido
,28 de abril,"Cuenten conmigo SIEMPRE. 🇪🇨
#p47","4,2mil","1,7milvecescompartido"
,27 de abril,"Prospera Ecuador es un programa de ayuda económica que se llevará a cabo desde el MIES, bajo la dirección de Mae Montaño, para familias en situaciones vulnerables.",574,319vecescompartido
,27 de abril,"¡Seguimos trabajando por el Ecuador! 🇪🇨

Para los que se preguntan, mi recuperación avanza y voy mejorando cada día. Les mando un fuerte abrazo.","5,1mil","1,3milvecescompartido"
,27 de abril,"Desde el Ministerio de Inclusión Económica y Social, Mae Montaño tendrá las siguientes prioridades:  ☑️ Protección y movilidad social  ☑️ Combatir la desnutrición crónica infantil  ☑️ Apoyo integral a mujeres en emprendimiento, conciliación familiar y corresponsabilidad... Como gobierno, las puertas siempre estarán abiertas. Fortaleceremos la relación con los ciudadanos a través de la transparencia de la información, canales abiertos de comunicación y un servicio de calidad. Lucharemos por el bienestar de todos los ecuatorianos. 🙌🏼🇪🇨 Ver más",716,318vecescompartido
,27 de abril,"La función pública nos llama a ser ejemplares, a conversar abiertamente con la ciudadanía y a incluir sus ideas y propuestas. En este gobierno, la transparencia y la profunda vocación de servicio regirán el trabajo.

¡Este es el Ecuador del encuentro! 🇪🇨","1,3mil",424vecescompartido
,27 de abril,"El Ecuador del encuentro es una nueva forma de hacer política, una que escucha y pone al ciudadano en el centro del servicio público. 🇪🇨",920,473vecescompartido
,26 de abril,"Los Ministros del Frente Social 🇪🇨🤜🤛

vm.tiktok.com/ZMeCkKcNt/","1,6mil","1,3milvecescompartido"
,26 de abril,"Bernarda Ordóñez estará a cargo de la Secretaría de Derechos Humanos.

El nuevo gobierno inicia una lucha sin tregua contra la violencia de género. Desde esta Cartera de Estado, dedicaremos todos los esfuerzos por la plena vigencia de los derechos humanos en Ecuador.",341,196vecescompartido
,26 de abril,"Darío Herrera liderará el Ministerio de Desarrollo Urbano y Vivienda.

Un Ecuador con viviendas dignas es aquel que incluye soluciones habitacionales de calidad con un entorno que fomente una comunidad segura. Lograremos que los ecuatorianos accedan a una vivienda digna.",276,282vecescompartido
,26 de abril,"En el Ministerio de Cultura y Patrimonio, contamos con María Elena Machuca.

La pandemia ha golpeado al arte y la cultura. Trabajaremos para que los artistas tengan más oportunidades, que sean reconocidos por su mérito creativo, y que sean plenamente recompensados por sus obras.",102,194vecescompartido
,26 de abril,"María Brown será la Ministra de Educación y Alejandro Ribadeneira estará encargado de la Secretaría de Educación Superior, Ciencia, Tecnología e Innovación.

Trabajaremos incansablemente por el acceso a oportunidades educativas en todos los niveles. Los niños y jóvenes del Ecuador tendrán educación de calidad. 🇪🇨","1,8mil",736vecescompartido
,26 de abril,"Para nuestro gobierno será un honor contar con el liderazgo y preparación de la Dra. Ximena Garzón en el Ministerio de Salud.

Tenemos el reto más grande y noble: salvar el futuro de un país entero. Estamos seguros que lo vamos a lograr, la salud de las familias es prioridad.",395,443vecescompartido
,26 de abril,"Mae Montaño va a liderar el Ministerio de Inclusión Económica y Social.

Atenderá a los ecuatorianos más necesitados, aquellos que se encuentran en situación de vulnerabilidad. Trabajará por erradicar la desnutrición infantil, la pobreza y el hambre.","1,8mil","1,1milvecescompartido"
,26 de abril,"En la Secretaría del Deporte, que pronto será llamado Ministerio del Deporte, estará a cargo Sebastián Palacios.

El deporte es un factor de Encuentro en la sociedad. Con su liderazgo, implementaremos proyectos que impulse a los héroes deportivos del presente y del futuro.",674,384vecescompartido
,26 de abril,"El Ecuador del encuentro se trata de las causas ciudadanas, de construir un país unido.

Los ministros del Frente Social inmediatamente empezarán a trabajar en el proceso de transición. Como gobierno, tenemos la oportunidad de demostrar que la buena política puede lograr bienestar y seguridad para todos.","2,2mil","2,4milvecescompartido"
,26 de abril,Únete a la Presentación de Ministros del Frente Social desde la ciudad de Quito a las 11H00 AM el día Lunes 26 de Abril 🤜🤛🇪🇨,,
,26 de abril,"En breve estaremos en Contacto Directo, de Ecuavisa, junto a Estéfani Espín y Lenin Artieda. Primera entrevista en televisión nacional como Presidente Electo.",616,371vecescompartido
,26 de abril,Únete a la Presentación de Ministros del Frente Social desde la ciudad de Quito a las 11H00 AM el día Lunes 26 de Abril 🤜🤛🇪🇨,613,722vecescompartido
,25 de abril,El Ecuador se ha vuelto más atractivo para el mundo. Seguiremos el camino que nos permita atraer inversión y generar empleos. 👏🏼🇪🇨,543,690vecescompartido
,25 de abril,💪🏼♥️🇪🇨,"2,3mil","1,1milvecescompartido"
,24 de abril,"La unidad en la diversidad es el camino para lograr un país con oportunidades, bienestar y seguridad.

¡Sigamos encontrándonos por el futuro del Ecuador! 🇪🇨",387,528vecescompartido
,24 de abril,"La reactivación del agro es fundamental. El PLAN EQUIDAD RURAL busca: ✔️ Acceso a créditos, programas de capacitación y asistencia técnica  ✔️ Riego parcelario y semillas gratuitas  ✔️ Salud, educación y vivienda... ✔️ Apoyo integral para aumentar la competitividad Ver más",483,704vecescompartido
,23 de abril,"Ganó el Ecuador, la democracia, la libertad y las oportunidades.

Nos espera un gran futuro. Debemos trabajar de la mano, juntos, para salir adelante. El cambio real empieza por nosotros. 🇪🇨",597,979vecescompartido
,23 de abril,"Desde niño, leer ha sido una de mis actividades favoritas. En la oficina tenemos una biblioteca con una gran variedad de literatura valiosa. Un libro abre la puerta a oportunidades y por eso es fundamental garantizar su libre acceso.

#DíaInternacionalDelLibro","1,5mil","1,3milvecescompartido"
,23 de abril,"Bolívar cumple 137 años de Fundación. 👏🏼👏🏼👏🏼

Un saludo fraterno a todas sus familias en este maravilloso día. Juntos haremos de Bolívar una provincia próspera, con empleo, salud y oportunidades de bienestar para todos.",321,235vecescompartido
,23 de abril,"Felicidades a los habitantes de El Oro, son 137 años de Provincialización.

Tienen mi compromiso de trabajar en el desarrollo local, la reactivación económica y la prosperidad de toda la provincia. Saludos. 🇪🇨🤝",258,335vecescompartido
,22 de abril,"El cambio está en nuestras manos.

#DíaDeLaTierra🌎",378,681vecescompartido
,22 de abril,"Seguimos trabajando en el proceso de transición. 🇪🇨

En nuestro gobierno contaremos con ciudadanos valiosos y comprometidos con el Ecuador y el bienestar de las familias. Juntos construimos un país de oportunidades. 💪🏼","3,6mil","1,2milvecescompartido"
,22 de abril,"Ecuador enfrenta problemas ecológicos con repercusiones que se sienten en todo el país. Es fundamental promover políticas públicas de protección al ambiente y a las comunidades. Estas son unas de nuestras propuestas. ⤵️ ◦ Transición energética renovable ◦ Promover la responsabilidad social empresarial  ◦ Fomentar la economía circular... ◦ Ecuador 3R (reducir, reutilizar y reciclar) ◦ Forestación, reforestación y cuidado de manglares ◦ Control Forestal Satelital ◦ Respeto a las zonas intangibles ◦ Educación verde Tenemos la responsabilidad de cuidar la tierra, nuestro hogar. Los invito a conocer más de cómo vamos a impulsar el liderazgo ambiental de Ecuador en: https://guillermolasso.ec/…/2021/03/Lasso-Plan-Ecuador-Verd…  #DíaDeLaTierra Ver más",406,738vecescompartido
,21 de abril,"¡Que viva Riobamba!

Hoy se conmemoran 199 años de Independencia de la maravillosa capital de Chimborazo. Un saludo fraterno a todas sus familias y habitantes, que con su arduo trabajo levantan cada día a esta gran ciudad. Felicidades a la Sultana de los Andes. 👏🏼👏🏼👏🏼",921,576vecescompartido
,20 de abril,"En Colombia tuvimos una exitosa reunión de trabajo junto al Presidente Iván Duque. Expreso mi gratitud por la disposición para fortalecer los lazos de hermandad entre ambos países y el compromiso de lograr objetivos en común en materia de seguridad, economía y bienestar.",488,559vecescompartido
,20 de abril,"En esta primera visita, María de Lourdes dialogó con la Primera Dama de Colombia María Juliana Ruiz, quien lidera proyectos sociales que benefician a niños y jóvenes colombianos. Estamos tomando como referencia las buenas prácticas del país para aplicarlas en Ecuador.","1,7mil",975vecescompartido
,20 de abril,"Puntos importantes de la reunión con el Presidente Iván Duque. ⤵️ ◦ Ingreso de Ecuador a la Alianza del Pacífico  ◦ Libre comercio, apertura económica y movilidad  ◦ Cooperación en materia de seguridad para luchar contra el narcotráfico y el crimen transnacional... ◦ La integración de América Latina ◦ Protección ambiental (cuidado de biodiversidad y ecosistemas, lucha contra la pesca ilegal) ◦ La necesidad de un trabajo coordinado para el abastecimiento y la distribución de vacunas contra el COVID-19 en la región  🇪🇨🤝🇨🇴 Ver más",628,970vecescompartido
,20 de abril,Únete a la Reunión con el Presidente de Colombia Iván Duque hoy a las 14:00 🇨🇴🤜🤛🇪🇨,,
,20 de abril,Únete a la Reunión con el Presidente de Colombia Iván Duque hoy a las 14:00 🇨🇴🤜🤛🇪🇨,211,183vecescompartido
,20 de abril,"A Colombia y Ecuador los une la democracia, la libertad, la igualdad de oportunidades y la seguridad. La cooperación es fundamental para el desarrollo de la región. Con el Presidente Iván Duque trazaremos una hoja de ruta que guiará el trabajo durante nuestra gestión.

Agradezco la bienvenida en la Casa de Nariño y la disposición a fortalecer las relaciones entre nuestros países. Es motivo de celebración para colombianos, ecuatorianos y América Latina este encuentro que logrará un verdadero cambio.","1,2mil","1,4milvecescompartido"
,20 de abril,"Acabamos de llegar a Bogotá. Nuestra siguiente parada es la Casa de Nariño para el primer encuentro con el Presidente Iván Duque. Temas importantes: seguridad, comercio y cooperación bilateral.","3,1mil","1,5milvecescompartido"
,20 de abril,💪🏻🇪🇨🤜🏻🤛🏻,"1,2mil","1,1milvecescompartido"
,19 de abril,Llegando a Carondelet para comenzar con el proceso de transición 🇪🇨🤜🏻🤛🏽,"1,2mil","1,2milvecescompartido"
,19 de abril,"Me siento con mucho optimismo. Sé que hemos pasado momentos difíciles como país, pero los ecuatorianos demostramos una y otra vez que trabajando juntos podemos salir adelante. Vienen mejores días, llenos de esperanza, crecimiento y bienestar para todos.

El cambio ya llegó. 🇪🇨💪🏼","2,1mil","1,4milvecescompartido"
,19 de abril,"Les contaré un breve resumen del inicio del proceso de transición: ✔️ A partir del lunes, se iniciarán las Comisiones Bilaterales de cada ministerio, donde se irá recibiendo la información detallada de cada cartera de Estado ✔️ La principal urgencia es el Plan de Vacunación... ✔️ Disposición a trabajar de forma ordenada y pacífica Tenemos el compromiso de trabajar en beneficio de los ecuatorianos. En las próximas semanas informaré de los avances de este proceso que enriquece a nuestra democracia y al país. Les mando un fuerte abrazo. 🇪🇨 Ver más",416,418vecescompartido
,19 de abril,"Agradezco a los quiteños que nos recibieron con mucho entusiasmo. Fue un gusto compartir con ustedes.

Seguimos encontrándonos y trabajando por un mejor Ecuador. 🇪🇨",740,744vecescompartido
,19 de abril,Viajaré a Bogotá para reunirme con el Presidente Iván Duque. Este primer encuentro tiene como objetivo fortalecer las relaciones entre Colombia y Ecuador a través de un compromiso firme por la seguridad de nuestros habitantes.,"1,4mil",480vecescompartido
,19 de abril,"Este es el inicio del camino hacia un verdadero cambio. El Ecuador del encuentro lo construimos todos juntos, trabajando de la mano con los ciudadanos, quienes realmente tienen el poder de lograr un mejor país.

GRACIAS, en mí tendrán a un Presidente que siempre los apoye.",4mil,"2,6milvecescompartido"
,19 de abril,Hoy es un día importante para nuestra democracia. Siempre he sido firme en que la transparencia es fundamental para fortalecer la relación con los ciudadanos. Los mantendré informados del proceso de transición y acontecimientos desde mis redes sociales.,"2,8mil","1,4milvecescompartido"
,19 de abril,Retransmisión: Proceso de transición de mando 🇪🇨🤜🤛,,
,19 de abril,Retransmisión: Proceso de transición de mando 🇪🇨🤜🤛,64,72vecescompartido
,19 de abril,Inicia el proceso de transición. 🇪🇨,"3,7mil","1,9milvecescompartido"
,18 de abril,Un gran futuro le espera al Ecuador Alfredo Borrero. 🇪🇨,"1,8mil",981vecescompartido
,18 de abril,Hace una semana con Lulita. ♥️,"2,3mil",607vecescompartido
,18 de abril,"Vamos a impulsar un liderazgo ambiental responsable, que proteja a la naturaleza y a las comunidades en Ecuador. Nuestra gestión promoverá políticas públicas sostenibles y una economía verde.    Es el camino para ser mejores socios del mundo. 🇪🇨🌎",493,832vecescompartido
,17 de abril,"Con el 100% de las actas escrutadas, nuevamente quiero agradecer a los ecuatorianos por todo su apoyo. Tenemos mucho trabajo por hacer, el camino hacia un mejor país lo recorreremos juntos.

¡Lo logramos! GRACIAS. 🇪🇨","2,4mil","1,5milvecescompartido"
,17 de abril,La prensa libre e independiente es el contrapeso del poder. 🇪🇨,579,"1,3milvecescompartido"
,16 de abril,Ecuador es LIBERTAD  SOLIDARIDAD DIVERSIDAD... EMPRENDIMIENTO  ESPERANZA  ¡Siempre saldremos adelante! 🇪🇨 Ver más,532,579vecescompartido
,16 de abril,"Hoy y siempre reitero mi apoyo a los emprendedores. En nuestro gobierno, impulsaremos el emprendimiento con Fondo Semilla, capacitaciones y libertad. Celebro ese espíritu que ha llevado a ecuatorianos a iniciar sus propios negocios y crear empleo.

#DíaMundialDelEmprendimiento",1mil,851vecescompartido
,16 de abril,"Una de nuestras prioridades en los primeros 100 días de Gobierno es vacunar a los ecuatorianos de forma transparente y eficiente. La salud es el camino para la reactivación del país. Junto al Dr. Alfredo Borrero, cuidaremos de la vida de las familias. 🇪🇨",385,478vecescompartido
,16 de abril,"Felicito a Azogues y sus familias por 196 años de cantonización. El compromiso por el desarrollo local, la reactivación económica y el progreso de Azogues y la provincia de Cañar es firme.

¡Que viva Azogues! 🇪🇨",502,318vecescompartido
,16 de abril,"A 5 años del terremoto del #16Abril, no hay un proceso serio y transparente de reconstrucción y reparación con las familias afectadas. Manabí y Esmeraldas son prioridad en nuestra gestión. La solidaridad que nos unió como país en la tragedia, debe estar más presente que nunca.","3,5mil","2,7milvecescompartido"
,15 de abril,Ecuador necesita que sigamos encontrándonos. Nuestro Plan de Gobierno tiene como objetivo lograr un verdadero cambio para el bienestar de las familias. Les comparto 10 de las propuestas que serán prioridad durante nuestra gestión. 🇪🇨,668,"1,3milvecescompartido"
,15 de abril,"Fondo Semilla es una iniciativa para apoyar el espíritu emprendedor de jóvenes, mujeres y cada ecuatoriano con un sueño de salir adelante. La libertad es el camino para emprender, innovar y crear empleo.

Los mejores días están cerca para los emprendedores en Ecuador. 🇪🇨",755,986vecescompartido
,15 de abril,"Hoy en Diario Expreso conversamos de lo que será nuestra gestión, pronto podrán ver la entrevista.

Seguimos trabajando para fortalecer el Ecuador del encuentro. 🇪🇨","1,6mil",896vecescompartido
,15 de abril,,388,212vecescompartido
,15 de abril,Gracias por su apoyo. No los voy a defraudar 🤜🏻🤛🏽🇪🇨,"5,3mil",4milvecescompartido
,14 de abril,"Nuestro Gobierno respaldará la visión de cada ecuatoriano. 🇪🇨

Desde ya estamos trabajando por el desarrollo, la apertura al mundo y la generación de empleo para el progreso de todas las familias. 💪🏼",899,1milvecescompartido
,14 de abril,El Ecuador no es un país quebrado:,"1,3mil","2,4milvecescompartido"
,13 de abril,"La familia y los seres queridos son nuestros principales pilares de apoyo en la vida. Agradezco que hoy la mía me haya acompañado en esta entrevista en CNN en Español junto a Fernando Del Rincon.

Espero que la hayan disfrutado, les mando un fuerte abrazo. 🇪🇨","3,2mil","1,9milvecescompartido"
,13 de abril,"Únete a la ENTREVISTA en CNN - CONCLUSIONES, Con Fernando Del Rincón este martes 13 de abril a las 21h00 - #JuntosLoLogramos🇪🇨 - Guillermo Lasso",,
,13 de abril,"Únete a la ENTREVISTA en CNN - CONCLUSIONES, Con Fernando Del Rincón este martes 13 de abril a las 21h00 - #JuntosLoLogramos🇪🇨 - Guillermo Lasso",375,592vecescompartido
,13 de abril,"Lucharé por un Ecuador donde verdaderamente se respete la plurinacionalidad y la interculturalidad. 🇪🇨

¡Gracias por el apoyo!",823,"1,7milvecescompartido"
,13 de abril,"Es una muy buena noticia para Ecuador que haya bajado el riesgo país. Ahora tenemos que trabajar para que el riesgo país baje aún más.

Vamos a atraer inversión y crear empleo en todos los sectores de la economía ecuatoriana. 🇪🇨🤝

#JuntosLoLogramos","1,8mil","3,7milvecescompartido"
